"timestamp","tx_hash","fee","value","type","source","out_msgs_count"
"2026-02-04 13:56:55","RlK71qOhSmQgdxboQfA0XeyuSJ7WUp9jsEWMCUBgesE=","313084","10021309555","incoming","EQBBx-L1UuDG1GgWdgq-_xHfcpF1CQHjRH5_oyTtalPXFO1a",0
"2026-02-04 11:48:30","b+2MkB5E9pIxoOpaXL3RKbiS8A1cD5gEdCXHmbRUnx0=","313032","10046162581","incoming","EQBBx-L1UuDG1GgWdgq-_xHfcpF1CQHjRH5_oyTtalPXFO1a",0
"2026-02-04 09:43:38","fNFVh7mZicPjrcoNQbHHi0QF20itCHv7MOx5P1D5uLs=","313043","10001052610","incoming","EQBBx-L1UuDG1GgWdgq-_xHfcpF1CQHjRH5_oyTtalPXFO1a",0
"2026-02-04 07:38:02","b9RqNHceYx9uH2QSgCHl/I5iyXrzxtOi5JNB7VoLZLs=","313744","10001363659","incoming","EQBBx-L1UuDG1GgWdgq-_xHfcpF1CQHjRH5_oyTtalPXFO1a",0
"2026-02-04 04:44:35","HLrwOI7BHcNB/td0qjbOSkdn/XxRJcTUyynDdC5rWwc=","312758","3816505547","incoming","EQBBx-L1UuDG1GgWdgq-_xHfcpF1CQHjRH5_oyTtalPXFO1a",0
"2026-02-04 02:58:25","nOzVZ8alqTySm2qBbEfc/LqcmfeJi+vR+OudUuJf5SQ=","312881","3806893998","incoming","EQBBx-L1UuDG1GgWdgq-_xHfcpF1CQHjRH5_oyTtalPXFO1a",0
"2026-02-04 01:03:50","vXMKCG85XHKYSX6Z3Vb9L6B/3Nq3bvPwJisGvsIdhDI=","312653","3835573548","incoming","EQBBx-L1UuDG1GgWdgq-_xHfcpF1CQHjRH5_oyTtalPXFO1a",0
"2026-02-03 23:24:46","yb+TCgSvSX9wzdmOvDq9Ob6wvjT2JwITRu5Jk/o0zB4=","312218","3810362144","incoming","EQBBx-L1UuDG1GgWdgq-_xHfcpF1CQHjRH5_oyTtalPXFO1a",0
"2026-02-03 22:15:23","txcx2r6XXRa7G2lh8nI35koffs4LxulAFs1VpKd0uEI=","312131","3804315546","incoming","EQBBx-L1UuDG1GgWdgq-_xHfcpF1CQHjRH5_oyTtalPXFO1a",0
"2026-02-03 21:11:57","aGBmTs8QgffZjgsRWkglpMDEPvQIyzYMjR5bVblXHLE=","312042","3807330504","incoming","EQBBx-L1UuDG1GgWdgq-_xHfcpF1CQHjRH5_oyTtalPXFO1a",0
"2026-02-03 20:14:33","vYHLjQSIOf9V3y0TdNuUy6/koekmsxCXzJzAf1aNcI4=","311956","3803749289","incoming","EQBBx-L1UuDG1GgWdgq-_xHfcpF1CQHjRH5_oyTtalPXFO1a",0
"2026-02-03 19:23:01","4ugTjkfUKqgz2HXdpKKizmlsa6/fXECUeWW9vH4ZfW4=","311947","3805876035","incoming","EQBBx-L1UuDG1GgWdgq-_xHfcpF1CQHjRH5_oyTtalPXFO1a",0
"2026-02-03 18:32:06","eTW6Ibl23UHDJnnZ33MqV8+IrFbapIqCwfRSLIglzSI=","311909","3833448569","incoming","EQBBx-L1UuDG1GgWdgq-_xHfcpF1CQHjRH5_oyTtalPXFO1a",0
"2026-02-03 17:43:46","uekLoIU57ICX7pdML5GwFyowC5HLcR1RGhe6T/9PTQQ=","311878","3820822214","incoming","EQBBx-L1UuDG1GgWdgq-_xHfcpF1CQHjRH5_oyTtalPXFO1a",0
"2026-02-03 16:57:35","l2MbvU/TN9EbQ2UtujN/1HcGRtQiExOpqjeAqxviP40=","311490","3806444325","incoming","EQBBx-L1UuDG1GgWdgq-_xHfcpF1CQHjRH5_oyTtalPXFO1a",0
"2026-02-03 16:37:50","aWXnSBjwvPn/e3Iy2GprTNpD2IpIOaPlZdx+9vtjjO8=","311200","882527149","incoming","EQD0sC-JP0fCsLVGbgo_-0qxEWxuq3lyiSJ5_SG2A4pZaPnk",0
"2026-02-03 16:37:50","hWw9+diIDaCZsj5/sgnHf2wTXxaPFTN9fFh0nZa8NHM=","311200","100000000","incoming","EQD0sC-JP0fCsLVGbgo_-0qxEWxuq3lyiSJ5_SG2A4pZaPnk",0
"2026-02-03 16:37:50","dRdyxb6RM02WCMa9OzEH7qZKIiQG1m/s0EHxJwp5Is0=","3145600","0","outgoing","",1
"2026-02-03 16:10:37","QQ4qLTMlFdrOLJevaD8AiR+PKr24xtCLSRf+Jh0lVFM=","311872","3833533955","incoming","EQBBx-L1UuDG1GgWdgq-_xHfcpF1CQHjRH5_oyTtalPXFO1a",0
"2026-02-03 15:24:50","wPBTx+BgihCViNsZzottEfl0h+Od3WFlXdX8NYlHlWo=","311881","3807605301","incoming","EQBBx-L1UuDG1GgWdgq-_xHfcpF1CQHjRH5_oyTtalPXFO1a",0
"2026-02-03 14:38:27","jfGxZ+BRzlN6oPG0BxtBwQ9Nw+DpLSSxKCBR6hyj8a8=","311956","3830526122","incoming","EQBBx-L1UuDG1GgWdgq-_xHfcpF1CQHjRH5_oyTtalPXFO1a",0
"2026-02-03 13:46:56","KvbFM7TZJUbJlVmixKzT5z9/ty1ncpktnFkdZso60G0=","311931","3806911573","incoming","EQBBx-L1UuDG1GgWdgq-_xHfcpF1CQHjRH5_oyTtalPXFO1a",0
"2026-02-03 12:57:07","AQWPUU8hnsyhPVIhX4HW+/H63nKNUKkamhoI1dD/Ki8=","311944","3816470397","incoming","EQBBx-L1UuDG1GgWdgq-_xHfcpF1CQHjRH5_oyTtalPXFO1a",0
"2026-02-03 12:06:24","z8DGLwAUY/r1bwiXfCLvn7TgFErisfhBhAgkVQRCRGU=","311865","3847238142","incoming","EQBBx-L1UuDG1GgWdgq-_xHfcpF1CQHjRH5_oyTtalPXFO1a",0
"2026-02-03 11:21:07","9/KOkg2SJ7XRktlRlnWMx3jMTs7Oi44BbdMTa52Aj9I=","311888","3818210550","incoming","EQBBx-L1UuDG1GgWdgq-_xHfcpF1CQHjRH5_oyTtalPXFO1a",0
"2026-02-03 10:34:14","JsLZz3aEttrmCqzyyeSlgZM6qWClXAYDxpUDwgYcGN8=","311885","3822634301","incoming","EQBBx-L1UuDG1GgWdgq-_xHfcpF1CQHjRH5_oyTtalPXFO1a",0
"2026-02-03 09:47:35","+iXkJoTlAvRxJu84jejzCfIdwS2STrn6597CAZuE8hU=","311900","3857541063","incoming","EQBBx-L1UuDG1GgWdgq-_xHfcpF1CQHjRH5_oyTtalPXFO1a",0
"2026-02-03 08:59:54","TmJvVPjSclPNMYyJfsjZMkq5NjfjczCaD7LoVpk44cU=","311914","3850381293","incoming","EQBBx-L1UuDG1GgWdgq-_xHfcpF1CQHjRH5_oyTtalPXFO1a",0
"2026-02-03 08:11:17","WyPb/WSkxg5++tw/AVyTK2s2KYRiQ0LTRsxoQNWbWUo=","311922","3841205927","incoming","EQBBx-L1UuDG1GgWdgq-_xHfcpF1CQHjRH5_oyTtalPXFO1a",0
"2026-02-03 07:22:04","IR+4Pbqt3FiNyv0/L4tM0a1yexvVdcFjtXTF295JHhQ=","311971","3808771426","incoming","EQBBx-L1UuDG1GgWdgq-_xHfcpF1CQHjRH5_oyTtalPXFO1a",0
"2026-02-03 06:29:30","3aW6Uyt3aVfFr+8yYVesEq97Rr6Av2HfZ9MpwqdHOKc=","312095","3841261483","incoming","EQBBx-L1UuDG1GgWdgq-_xHfcpF1CQHjRH5_oyTtalPXFO1a",0
"2026-02-03 05:28:29","BV7wSJKxte0zuNPcPVdMFUKL00nSy+Pq0D1eoLu5ZiE=","312187","3827101505","incoming","EQBBx-L1UuDG1GgWdgq-_xHfcpF1CQHjRH5_oyTtalPXFO1a",0
"2026-02-03 04:21:14","iliWGgFbJ24zUDusPkndm8GtR85yGcuSUH1iuTyZDRA=","312341","3828909317","incoming","EQBBx-L1UuDG1GgWdgq-_xHfcpF1CQHjRH5_oyTtalPXFO1a",0
"2026-02-03 03:03:29","P64u+AcOdElkZRefRkpvB4pB4Tcl8ebQf+HiQ9CPnI0=","312899","3830741278","incoming","EQBBx-L1UuDG1GgWdgq-_xHfcpF1CQHjRH5_oyTtalPXFO1a",0
"2026-02-03 01:07:42","gZa7rrBiizB47gCyByQmHVjcYWH52/QODBAQ3uUSjDc=","312590","3808481714","incoming","EQBBx-L1UuDG1GgWdgq-_xHfcpF1CQHjRH5_oyTtalPXFO1a",0
"2026-02-02 23:32:56","aO+rcBiX56K2uz4Li+sc8Yz7fs8ZSQfPeLwvxjiindM=","312229","3847474046","incoming","EQBBx-L1UuDG1GgWdgq-_xHfcpF1CQHjRH5_oyTtalPXFO1a",0
"2026-02-02 22:22:48","Pl+7+Nap80Z1+RLQZkM8ezKjnSByBML0axO2/yaXr2E=","312066","3831417811","incoming","EQBBx-L1UuDG1GgWdgq-_xHfcpF1CQHjRH5_oyTtalPXFO1a",0
"2026-02-02 21:23:49","OiTR8fbEsG9ppXxHGfbKhQvv2ABYqAZM8eFEO1SrKWk=","312071","3842293430","incoming","EQBBx-L1UuDG1GgWdgq-_xHfcpF1CQHjRH5_oyTtalPXFO1a",0
"2026-02-02 20:24:26","QPdnm0RcrXbMmgXgNMuysreDnvLj/1UaYoTyWwUNsKY=","311955","3832496327","incoming","EQBBx-L1UuDG1GgWdgq-_xHfcpF1CQHjRH5_oyTtalPXFO1a",0
"2026-02-02 19:32:59","daaV5+n0Cidp+u91GnTKx0KfAHB/26hK4HUlftGFDLU=","311944","3815245049","incoming","EQBBx-L1UuDG1GgWdgq-_xHfcpF1CQHjRH5_oyTtalPXFO1a",0
"2026-02-02 18:42:17","aViUaBvCOOGAjZUNhaAqeiune9nSr4iuLaQkK2TObP0=","311929","3856021196","incoming","EQBBx-L1UuDG1GgWdgq-_xHfcpF1CQHjRH5_oyTtalPXFO1a",0
"2026-02-02 17:52:38","Mb2tq0GG3iLJ+U7EdvYzxgyLb0NZmMBaE3++7n5u4+M=","311908","3865953579","incoming","EQBBx-L1UuDG1GgWdgq-_xHfcpF1CQHjRH5_oyTtalPXFO1a",0
"2026-02-02 17:04:22","viXqCuhPJ1+P1+PYh3vIcWAaUTFKpr9jN8lNMxMTSCo=","311881","3836392828","incoming","EQBBx-L1UuDG1GgWdgq-_xHfcpF1CQHjRH5_oyTtalPXFO1a",0
"2026-02-02 16:17:59","wlwvNx/3IclbhRpc9SyUMGCXdvY4E+nhDt2BAVCYqpU=","311865","3801207716","incoming","EQBBx-L1UuDG1GgWdgq-_xHfcpF1CQHjRH5_oyTtalPXFO1a",0
"2026-02-02 15:32:39","+n8WDZCUeghSmz9pcmFf6TqamR4ffECfOacxuChE9Lc=","311886","3843094508","incoming","EQBBx-L1UuDG1GgWdgq-_xHfcpF1CQHjRH5_oyTtalPXFO1a",0
"2026-02-02 14:45:56","EVXtX2kxZzFHC2ygfpfJPv7KRePgnbAR0a//V2xRmMo=","311923","3837616428","incoming","EQBBx-L1UuDG1GgWdgq-_xHfcpF1CQHjRH5_oyTtalPXFO1a",0
"2026-02-02 13:56:40","SkcZQrnHnWdoTKnY33CkwkzhZ2q/NEXPWMOJt5ocQ0Q=","311922","3835987615","incoming","EQBBx-L1UuDG1GgWdgq-_xHfcpF1CQHjRH5_oyTtalPXFO1a",0
"2026-02-02 13:07:27","PL5+mi/YdNZjvnCkd1hxH8iGJMj066nW/ZOHVnHQBHg=","311926","3806761340","incoming","EQBBx-L1UuDG1GgWdgq-_xHfcpF1CQHjRH5_oyTtalPXFO1a",0
"2026-02-02 12:17:59","WhxihIKy2a2BC5Qdac9OKgCjx0LZkrWhTFvcDkDGhF8=","311906","3852527951","incoming","EQBBx-L1UuDG1GgWdgq-_xHfcpF1CQHjRH5_oyTtalPXFO1a",0
"2026-02-02 11:29:51","mzuNPndBatOg2Y24sv13RLZ/DgXbFeA9O+thYtLN1bo=","311906","3830568093","incoming","EQBBx-L1UuDG1GgWdgq-_xHfcpF1CQHjRH5_oyTtalPXFO1a",0
"2026-02-02 10:41:45","7EO35hcHLhpQ9jGM//S/QwAIfnC3ULDi9vrdKzjbcIY=","311909","3873286382","incoming","EQBBx-L1UuDG1GgWdgq-_xHfcpF1CQHjRH5_oyTtalPXFO1a",0
"2026-02-02 09:53:27","Grl0eRBZXBUVMnpES84k56Fnt3jmSb3rxr/cZEYMSfA=","311905","3811114905","incoming","EQBBx-L1UuDG1GgWdgq-_xHfcpF1CQHjRH5_oyTtalPXFO1a",0
"2026-02-02 09:05:24","kmED747Ba26ovPc/DHCPk5CbsfB2do79B0Swv2brHM0=","311916","3808064341","incoming","EQBBx-L1UuDG1GgWdgq-_xHfcpF1CQHjRH5_oyTtalPXFO1a",0
"2026-02-02 08:16:36","gpzoNJjT5zXffW6iIUcxpJU/6hrKV+RhUzLBjtdYloE=","311911","3801549697","incoming","EQBBx-L1UuDG1GgWdgq-_xHfcpF1CQHjRH5_oyTtalPXFO1a",0
"2026-02-02 07:28:08","z5gDlmRfa5HhMddD+lZiE/6l4peBmGq4Q6Q81n3iAc0=","311974","3823434106","incoming","EQBBx-L1UuDG1GgWdgq-_xHfcpF1CQHjRH5_oyTtalPXFO1a",0
"2026-02-02 06:35:22","GjTkShUk/e7cNC9PekgZnK8Kx3M2uxNKrog4UFgof5E=","312071","3817534682","incoming","EQBBx-L1UuDG1GgWdgq-_xHfcpF1CQHjRH5_oyTtalPXFO1a",0
"2026-02-02 05:35:59","puJk4iyoqaXHSyVO81YzNAB8FErtYPUSGIjnpiWq4DY=","312205","3830463916","incoming","EQBBx-L1UuDG1GgWdgq-_xHfcpF1CQHjRH5_oyTtalPXFO1a",0
"2026-02-02 04:27:29","28Dkvu/sbbL2ehEdnS2eCrVL9imiD6CzrMmBnir4Qng=","312345","3818976972","incoming","EQBBx-L1UuDG1GgWdgq-_xHfcpF1CQHjRH5_oyTtalPXFO1a",0
"2026-02-02 03:09:26","fy1SRZfcPEkqmZCF1dBNzxqtiKxq34IBXz+WQTPL5bY=","312905","3832535163","incoming","EQBBx-L1UuDG1GgWdgq-_xHfcpF1CQHjRH5_oyTtalPXFO1a",0
"2026-02-02 01:13:13","abLuqKk2jPWr/3FKJutmxdE30W+aM/yPXh78Q9NJy30=","312662","3805270068","incoming","EQBBx-L1UuDG1GgWdgq-_xHfcpF1CQHjRH5_oyTtalPXFO1a",0
"2026-02-01 23:33:33","U1pqLm0yzlkVNrb4O9LvveM0M8bjECLx9QtzVe1od9o=","312266","3823110441","incoming","EQBBx-L1UuDG1GgWdgq-_xHfcpF1CQHjRH5_oyTtalPXFO1a",0
"2026-02-01 22:20:54","pqRo/VMbzuTf7+Xhp6aVzodtq+8vSmKpXXocdGmaQhM=","312112","3829251488","incoming","EQBBx-L1UuDG1GgWdgq-_xHfcpF1CQHjRH5_oyTtalPXFO1a",0
"2026-02-01 21:18:44","NuB9px0qCjKBRx95SE+HWJEcDacIkmkvabwdJ9YqmAo=","312036","3803915767","incoming","EQBBx-L1UuDG1GgWdgq-_xHfcpF1CQHjRH5_oyTtalPXFO1a",0
"2026-02-01 20:21:47","g2wMExEQjQmbT5LkU7n9ZfztBIS5o/CAHHYZwnFMMUg=","311960","3831968849","incoming","EQBBx-L1UuDG1GgWdgq-_xHfcpF1CQHjRH5_oyTtalPXFO1a",0
"2026-02-01 19:30:00","A1Gr5mJ8teB+yvnP6Qp44bKiBKuev8IgezvxVROU+Pw=","311962","3816023764","incoming","EQBBx-L1UuDG1GgWdgq-_xHfcpF1CQHjRH5_oyTtalPXFO1a",0
"2026-02-01 18:38:05","BAQTwNrTcwvcaS9ACsGgkOoexxcL/zePba6vJlTnvus=","312007","3852068664","incoming","EQBBx-L1UuDG1GgWdgq-_xHfcpF1CQHjRH5_oyTtalPXFO1a",0
"2026-02-01 17:43:07","Ri/c0mHudRuVbIQj286BJidzsXUXjukdOLNrQR33mEo=","312057","3826382716","incoming","EQBBx-L1UuDG1GgWdgq-_xHfcpF1CQHjRH5_oyTtalPXFO1a",0
"2026-02-01 16:44:44","E0PnIk3fzrnSBeTsFShgyObhWMBoLGPHEKeJCEjLsXI=","312006","3806993539","incoming","EQBBx-L1UuDG1GgWdgq-_xHfcpF1CQHjRH5_oyTtalPXFO1a",0
"2026-02-01 15:49:47","Ejr/T4cnr06cwQ0a5CECBoMBK5RTkeoggg90cJizk1M=","311918","3838257393","incoming","EQBBx-L1UuDG1GgWdgq-_xHfcpF1CQHjRH5_oyTtalPXFO1a",0
"2026-02-01 15:00:51","9CHbtSGdi4gEgAWhBLJJqPJHx3YvgWaEYxv5MEEZkjo=","312026","3814523201","incoming","EQBBx-L1UuDG1GgWdgq-_xHfcpF1CQHjRH5_oyTtalPXFO1a",0
"2026-02-01 14:04:34","Ui7qBrjjMgKccq4moQ16X483cWpBcWQFxxD6rObB9F0=","312029","3861853303","incoming","EQBBx-L1UuDG1GgWdgq-_xHfcpF1CQHjRH5_oyTtalPXFO1a",0
"2026-02-01 13:08:04","wILq4EjEO7TuuYgrtUjh8VXW48a52SQPipdqbNlmxXc=","312054","3808762325","incoming","EQBBx-L1UuDG1GgWdgq-_xHfcpF1CQHjRH5_oyTtalPXFO1a",0
"2026-02-01 12:09:51","VoF0BkHIwRuINKSgKrIwjuE7CxfFUUUn8QRumXp219U=","312026","3845659052","incoming","EQBBx-L1UuDG1GgWdgq-_xHfcpF1CQHjRH5_oyTtalPXFO1a",0
"2026-02-01 11:13:32","VD+/XfOhlE2qZhGKP1V4jb15iYxgtQ78SlT4RM3U4XQ=","312006","3805098669","incoming","EQBBx-L1UuDG1GgWdgq-_xHfcpF1CQHjRH5_oyTtalPXFO1a",0
"2026-02-01 10:18:37","1vrM2AcYQ+hbyKVnDVt4YgE5pLemN5UIReqwcBpUwc4=","312001","3834899713","incoming","EQBBx-L1UuDG1GgWdgq-_xHfcpF1CQHjRH5_oyTtalPXFO1a",0
"2026-02-01 09:24:02","sNw0332F71PvFBeQ3/1s7uYzebvOD1CqQh3G6zlH6b0=","312115","3835081429","incoming","EQBBx-L1UuDG1GgWdgq-_xHfcpF1CQHjRH5_oyTtalPXFO1a",0
"2026-02-01 08:21:42","e9T/lBQFGAKm5a/iO/1UcjQmfAN9MCRZEYdc2+GrQ2k=","312075","3807843580","incoming","EQBBx-L1UuDG1GgWdgq-_xHfcpF1CQHjRH5_oyTtalPXFO1a",0
"2026-02-01 07:22:06","TVrFMuR0WU7EnaYSo0MqPDAmu8//HTMVb2xewrdoPqM=","312085","3806471229","incoming","EQBBx-L1UuDG1GgWdgq-_xHfcpF1CQHjRH5_oyTtalPXFO1a",0
"2026-02-01 06:21:48","bXonOwqOqb+/lz9VyHixWxlWyqrkyfDoJPbjPA2yrHw=","312498","3840346785","incoming","EQBBx-L1UuDG1GgWdgq-_xHfcpF1CQHjRH5_oyTtalPXFO1a",0
"2026-02-01 04:53:19","hG9EZsRGixh0wOXTQLULlTDv+422ICucDGnJIjtl6tQ=","312782","3806677626","incoming","EQBBx-L1UuDG1GgWdgq-_xHfcpF1CQHjRH5_oyTtalPXFO1a",0
"2026-02-01 03:05:29","cN99BdV/FFOXkPbyBIyoHIxQE8qqKSZktSOr3S32DU8=","312895","3829257948","incoming","EQBBx-L1UuDG1GgWdgq-_xHfcpF1CQHjRH5_oyTtalPXFO1a",0
"2026-02-01 01:09:57","A6yZlEZDkGtTJth+doQXjJRNsV+hOirqPL3E9zPREiI=","312605","3811043237","incoming","EQBBx-L1UuDG1GgWdgq-_xHfcpF1CQHjRH5_oyTtalPXFO1a",0
"2026-01-31 23:34:12","CYFZJw9DJwSrGRX9sNNoAzu99WC6V9vyd2fCXcb0x4c=","312232","3846232206","incoming","EQBBx-L1UuDG1GgWdgq-_xHfcpF1CQHjRH5_oyTtalPXFO1a",0
"2026-01-31 22:23:54","wnblaWvZjO3TalWQLxuZOaqNQDb89TQfG+dLkSgpQd4=","312077","3833936850","incoming","EQBBx-L1UuDG1GgWdgq-_xHfcpF1CQHjRH5_oyTtalPXFO1a",0
"2026-01-31 21:24:09","+4drxycc6rQCwHI+PIGDVYibvreDBbnDAUTCGlw9rbQ=","312091","3850106648","incoming","EQBBx-L1UuDG1GgWdgq-_xHfcpF1CQHjRH5_oyTtalPXFO1a",0
"2026-01-31 20:23:27","qReL4UpN+Dl+3HsSfjSxx5vBsI9dSo+ipWFzqQiCMwk=","311971","3838310688","incoming","EQBBx-L1UuDG1GgWdgq-_xHfcpF1CQHjRH5_oyTtalPXFO1a",0
"2026-01-31 19:30:53","TKvylirg49fRY8OeqbKsZikzw+UXwAB0OVLJLqJ8j64=","312007","3844684466","incoming","EQBBx-L1UuDG1GgWdgq-_xHfcpF1CQHjRH5_oyTtalPXFO1a",0
"2026-01-31 18:35:54","mVtkraTXPjJVRfFsljYt+Ds0Sv0/p6N/kNfcwYUs0TY=","312036","3841720827","incoming","EQBBx-L1UuDG1GgWdgq-_xHfcpF1CQHjRH5_oyTtalPXFO1a",0
"2026-01-31 17:38:56","rNHAMhUBlmDaPzT11/YNsQlGvCSKMJJN9GxyApdoneQ=","312065","3828387216","incoming","EQBBx-L1UuDG1GgWdgq-_xHfcpF1CQHjRH5_oyTtalPXFO1a",0
"2026-01-31 16:39:59","+sT10LZLsOCPR2YsHy0SoTBc0e9mAaXPxrQGPIl+Vrs=","312024","3839640745","incoming","EQBBx-L1UuDG1GgWdgq-_xHfcpF1CQHjRH5_oyTtalPXFO1a",0
"2026-01-31 15:43:51","hCWj58dUdr4x8ZVb19rFTM83+PhYLf+2r6XDWkw7fig=","311908","3837739529","incoming","EQBBx-L1UuDG1GgWdgq-_xHfcpF1CQHjRH5_oyTtalPXFO1a",0
"2026-01-31 14:55:35","NLO0vCcZJ6BgQpTsOwuvb9uNxR4FboRYU59tFj8TXco=","312059","3813405792","incoming","EQBBx-L1UuDG1GgWdgq-_xHfcpF1CQHjRH5_oyTtalPXFO1a",0
"2026-01-31 13:57:05","ABBfSUwEMu1nl6YH4XuS9aD/Ljsd4uHmE10Aqn9KWAI=","312072","3842236278","incoming","EQBBx-L1UuDG1GgWdgq-_xHfcpF1CQHjRH5_oyTtalPXFO1a",0
"2026-01-31 12:57:38","7+a8tw7JMUnHUr347c81hJ/wq4nXowp+huONbYDg37Y=","312052","3805330564","incoming","EQBBx-L1UuDG1GgWdgq-_xHfcpF1CQHjRH5_oyTtalPXFO1a",0
"2026-01-31 11:59:36","vrUdqmseC8Qw867mCNxOsPwdqu3SYe4wrtDfYE4TkSM=","311983","3836109842","incoming","EQBBx-L1UuDG1GgWdgq-_xHfcpF1CQHjRH5_oyTtalPXFO1a",0
"2026-01-31 11:06:15","SZUAhgumb9j3AV4J56yILLfNN2LZMUw4dh4cawiioes=","311965","3813174182","incoming","EQBBx-L1UuDG1GgWdgq-_xHfcpF1CQHjRH5_oyTtalPXFO1a",0
"2026-01-31 10:14:07","Fll9tPgwBuI9gtrBrm+C594u+h9CmNaCvjeGxBzrPog=","311961","3812784796","incoming","EQBBx-L1UuDG1GgWdgq-_xHfcpF1CQHjRH5_oyTtalPXFO1a",0
"2026-01-31 09:22:14","RQIQuVGkIy5W0HeRojhNnM+gPAWklTUTZmNVP7Iircg=","312002","3849494069","incoming","EQBBx-L1UuDG1GgWdgq-_xHfcpF1CQHjRH5_oyTtalPXFO1a",0
"2026-01-31 08:27:35","IXhqUWohSJqPexbQ0eNvzuZHu8h1AOm9E2nFLPjga2Q=","311985","3815734622","incoming","EQBBx-L1UuDG1GgWdgq-_xHfcpF1CQHjRH5_oyTtalPXFO1a",0
"2026-01-31 07:34:04","PWy8k2mgy7Eq1SO7+ML8dgMz7gayRi+5+UR9L22sihI=","312011","3818426599","incoming","EQBBx-L1UuDG1GgWdgq-_xHfcpF1CQHjRH5_oyTtalPXFO1a",0
